24-hour,
who,
what,
name,
accessibility,
accommodation,
accommodations,
activities,
airport shuttle,
amenities,
arrival,
art,
atmosphere,
attendant,
attractions,
availability,
baggage,
balcony,
bar,
bath,
bathroom,
beach,
bed,
bedding,
bellhop,
billiards,
billing,
booking,
booking process,
boutique,
breakfast,
breakfast options,
brunch,
budget,
business,
business services,
cabanas,
cafe,
cancellation,
cancellation policy,
casino,
catering,
celebration,
central,
ceremony,
check-in,
check-out,
chef,
children,
cleaning,
cleanliness,
cocktail,
coffee,
comfort,
complaints,
concierge,
conference,
conference facilities,
conference rooms,
connectivity,
convenience,
cooking,
cost,
couples,
cozy,
credit card,
cuisine,
culture,
customer,
customer service,
day,
decor,
delivery,
deluxe,
departure,
design,
desk,
destination,
dining,
dinner,
disabled facilities,
discount,
doorman,
drinks,
elegance,
elevator,
entertainment,
event,
events,
executive,
exercise,
experience,
exploration,
explore,
facilities,
family,
feedback,
fitness,
food,
fresh,
front desk,
fun,
function,
furnishings,
games,
garden,
getaway,
golf,
gourmet,
guest,
guest policy,
guests,
gym,
hairdryer,
handicap,
happy hour,
health,
heating,
help,
holiday,
home,
honeymoon,
hospitality,
hot tub,
hotel,
hotel services,
hour,
housekeeping,
ice,
in-room,
in-room dining,
in-room features,
indoor,
information,
innovation,
internet,
internet access,
intimacy,
iron,
jacuzzi,
jetlag,
key,
keys,
kids,
king-size bed,
kitchen,
kitchenette,
laundry,
laundry service,
lawn,
leisure,
library,
limousine,
linens,
lobby,
local attractions,
local recommendations,
location,
lounge,
loyalty programs,
luggage,
luggage storage,
luxury,
machine,
maid,
massage,
meal,
media,
meeting,
menu,
microwave,
mini-bar,
minibar,
modern,
movie,
multilingual,
music,
name,
nature,
nearby attractions,
night,
nightlife,
noise policy,
non-smoking,
ocean,
oceanfront,
on-site,
online,
outdoor,
packages,
packaging,
palace,
parking,
party,
patio,
payment,
payment methods,
peaceful,
personalized,
pet policy,
pet,
pets,
phone,
photocopying,
piano,
pillow,
pool,
popular,
porter,
privacy,
privacy policy,
private,
professional,
programming,
promotions,
proximity,
quality,
quiet,
rainforest,
reception,
recreation,
refreshment,
refund policy,
relax,
relaxation,
remote,
renovations,
reservation,
resort,
restaurant,
restroom,
retreat,
review,
reviews,
rewards,
romance,
romantic,
rooftop,
room,
room service,
room type,
safe,
sailing,
salon,
satisfaction,
sauna,
scenic,
seaside,
security,
self-parking,
services,
shampoo,
shopping,
shower,
shuttle,
shuttle service,
sightseeing,
signature,
silence,
silver,
size,
ski,
skyline,
sleep,
sleeping,
small,
smoking,
smoking policy,
snack,
snacks,
social,
spa,
spacious,
special,
special offers,
sport,
sports,
staff,
star,
stay,
steam,
stylish,
suite,
sun,
sunny,
sunrise,
sunset,
superior,
swimming,
table,
tailored,
tea,
technology,
telephone,
television,
tennis,
terrace,
theater,
theatre,
theme,
therapy,
thermostat,
tour,
tourism,
towels,
tranquility,
transportation,
travel,
treatment,
tropical,
tub,
turndown,
TV,
unique,
upgrades,
vacation,
value,
variety,
view,
village,
vip,
visit,
volleyball,
warm,
welcoming,
wellness,
wheelchair,
wheelchair accessibility,
wifi,
wifi password,
wine,
yoga,
zen,